TDSFU Daily run: Mon Oct 27 16:05:38 UTC 2025 TDSFU
TDSFU Daily run: Tue Oct 28 04:36:39 UTC 2025 TDSFU
TDSFU Daily run: Wed Oct 29 04:41:58 UTC 2025 TDSFU
TDSFU Daily run: Thu Oct 30 04:36:01 UTC 2025 TDSFU
TDSFU Daily run: Fri Oct 31 04:38:48 UTC 2025 TDSFU
TDSFU Daily run: Sat Nov  1 04:33:18 UTC 2025 TDSFU
TDSFU Daily run: Sun Nov  2 04:35:58 UTC 2025 TDSFU
TDSFU Daily run: Mon Nov  3 04:42:51 UTC 2025 TDSFU
TDSFU Daily run: Tue Nov  4 04:36:44 UTC 2025 TDSFU
TDSFU Daily run: Wed Nov  5 04:37:28 UTC 2025 TDSFU
TDSFU Daily run: Thu Nov  6 04:42:14 UTC 2025 TDSFU
